asset_uid,symbol,window_start,window_end,start_block,end_block,head_block,missing,reconciled,dropped_transfers,supply,holders,n_creation,n_destruction,n_issuer_linked,n_residual,n_unresolved,n_all,active_addresses,v_creation,v_destruction,v_issuer_linked,v_residual,v_unresolved,v_all,t_all,t_res,f,x,retained_holders,participation,dormancy,h_all,coverage,h_ret,h_cond,k_all,k_ret,k_cond,assessable
ethereum:0x7712c34205737192402172409a8f7ccef8aa2aec,BUIDL,2025-12-01T00:00:00Z,2026-01-01T00:00:00Z,23914921,24136052,26086416,,true,0,171568651.630349,55,679,7,0,63,0,749,46,20015235.050000004,14014789.940000001,0.0,18159635.8101,0.0,52189660.80010001,0.3041911229362842,0.10584471951919051,2.873937635416303,0.6520453374921111,55,0.2545454545454545,0.8858328822830467,1427.9200009275605,0.9999999999999998,1427.9200009275605,1427.9200009275612,0.8265476863193759,0.8265476863193759,0.8265476863193761,true
ethereum:0x7712c34205737192402172409a8f7ccef8aa2aec,BUIDL,2026-01-01T00:00:00Z,2026-02-01T00:00:00Z,24136053,24358292,26086416,,true,0,171782961.670349,56,627,5,0,38,0,670,42,5852236.979999999,5637926.94,0.0,12203016.273517998,0.0,23693180.193517998,0.13792508851363933,0.0710374076384569,1.9415839217501518,0.48495659198774377,56,0.19642857142857142,0.9099043878407389,1423.587326710577,1.0000000000000004,1423.587326710577,1423.5873267105756,0.8266266085369882,0.8266266085369882,0.8266266085369879,true
ethereum:0x7712c34205737192402172409a8f7ccef8aa2aec,BUIDL,2026-02-01T00:00:00Z,2026-03-01T00:00:00Z,24358293,24558867,26086416,,true,0,171865709.360349,56,576,5,0,40,0,621,44,2582797.41,2500049.7199999997,0.0,6607454.4993900005,0.0,11690301.629390001,0.06801997718392487,0.03844544978740477,1.7692594978095193,0.4347917864857712,56,0.25,0.8484577922179698,1426.6167282515896,1.0000000000000002,1426.6167282515896,1426.616728251589,0.8227928729721611,0.8227928729721611,0.8227928729721609,true
ethereum:0x7712c34205737192402172409a8f7ccef8aa2aec,BUIDL,2026-03-01T00:00:00Z,2026-04-01T00:00:00Z,24558868,24781026,26086416,,true,0,168559713.340349,54,652,6,0,34,0,692,36,1622623.2900000003,4928619.3100000005,0.0,8471900.25,0.0,15023142.850000001,0.08912653297924088,0.05026052834400519,1.7732908092254747,0.43607670281854516,54,0.1111111111111111,0.9875702164803012,1485.2778357393643,1.0000000000000002,1485.2778357393643,1485.2778357393636,0.8412668975277364,0.8412668975277364,0.8412668975277362,true
ethereum:0x7712c34205737192402172409a8f7ccef8aa2aec,BUIDL,2026-04-01T00:00:00Z,2026-05-01T00:00:00Z,24781027,24996367,26086416,,true,0,147652591.290349,54,590,2,0,19,0,611,33,6504492.62,27411614.67,0.0,31426308.19,0.0,65342415.480000004,0.4425416100656743,0.2128395303825197,2.0792265857302406,0.51905193649263,54,0.07407407407407407,0.8674489197313582,1675.1688719163858,1.0000000000000002,1675.1688719163858,1675.1688719163851,0.8362359373261844,0.8362359373261844,0.8362359373261842,true
ethereum:0x7712c34205737192402172409a8f7ccef8aa2aec,BUIDL,2026-05-01T00:00:00Z,2026-06-01T00:00:00Z,24996368,25218797,26086416,,true,0,178498454.910349,59,604,2,0,35,0,641,38,35350902.83000001,4505039.21,0.0,20442620.508612,0.0,60298562.54861201,0.3378099971727879,0.1145254759705305,2.949649362380407,0.6609766527662846,59,0.15254237288135594,0.8872950548595948,1429.4417177282573,0.9999999999999998,1429.4417177282573,1429.441717728258,0.8278206469100247,0.8278206469100247,0.8278206469100249,true
ethereum:0x7712c34205737192402172409a8f7ccef8aa2aec,BUIDL,2026-06-01T00:00:00Z,2026-07-01T00:00:00Z,25218798,25433938,26086416,,true,0,186800390.770349,59,688,2,0,31,0,721,39,9001935.860000001,700000.0,0.0,3195660.1887,0.0,12897596.048700001,0.06904480229142673,0.017107352803285732,4.035972314674285,0.7522282310103747,59,0.11864406779661017,0.9190999517472007,1442.2376836698888,1.0000000000000002,1442.2376836698888,1442.2376836698882,0.8374257614837683,0.8374257614837683,0.8374257614837681,true
ethereum:0x7712c34205737192402172409a8f7ccef8aa2aec,BUIDL,2026-07-01T00:00:00Z,2026-08-01T00:00:00Z,25433939,25656292,26086416,,true,0,224869691.460349,58,729,3,0,32,0,764,41,39419311.69,1350011.0,0.0,3527855.5692000003,0.0,44297178.2592,0.19699043464472787,0.01568844403302818,12.556403568767731,0.9203593612993327,58,0.10344827586206896,0.9617033411184025,1617.8138625312085,0.9999999999999998,1617.8138625312085,1617.8138625312092,0.8357370336995272,0.8357370336995272,0.8357370336995275,true
ethereum:0x7712c34205737192402172409a8f7ccef8aa2aec,BUIDL,2026-08-01T00:00:00Z,2026-09-01T00:00:00Z,25656293,25878704,26086416,,true,0,211864943.860349,57,695,2,0,34,0,731,44,2995252.4,16000000.0,0.0,22115514.92,0.0,41110767.32,0.19404232984904857,0.10438496580433555,1.8589106999639327,0.4620505438914293,57,0.22807017543859648,0.596663620734045,1436.670178802892,1.0000000000000002,1436.670178802892,1436.6701788028913,0.8181001063783753,0.8181001063783753,0.818100106378375,true
ethereum:0x3ddc84940ab509c11b20b76b466933f40b750dc9,BENJI,2025-12-01T00:00:00Z,2026-01-01T00:00:00Z,23914921,24136052,26086416,,true,0,46981032.42372473,3,93,0,0,0,0,93,3,145821.001828726,0.0,0.0,0.0,0.0,145821.001828726,0.0031038271043845457,0.0,,1.0,3,0.0,1.0,3333.3609612055848,1.0,3333.3609612055848,3333.3609612055848,1.0,1.0,1.0,true
ethereum:0x3ddc84940ab509c11b20b76b466933f40b750dc9,BENJI,2026-01-01T00:00:00Z,2026-02-01T00:00:00Z,24136053,24358292,26086416,,true,0,47122622.342001356,3,90,0,0,0,0,90,3,141589.9182766269,0.0,0.0,0.0,0.0,141589.9182766269,0.0030047122006286336,0.0,,1.0,3,0.0,1.0000000000000002,3333.360961205585,1.0,3333.360961205585,3333.360961205585,1.0,1.0,1.0,true
ethereum:0x3ddc84940ab509c11b20b76b466933f40b750dc9,BENJI,2026-02-01T00:00:00Z,2026-03-01T00:00:00Z,24358293,24558867,26086416,,true,0,47250167.05442527,3,81,0,0,0,0,81,3,127544.71242390937,0.0,0.0,0.0,0.0,127544.71242390937,0.0026993494494315026,0.0,,1.0,3,0.0,1.0,3333.3609612055848,1.0,3333.3609612055848,3333.3609612055848,1.0,1.0,1.0,true
ethereum:0x3ddc84940ab509c11b20b76b466933f40b750dc9,BENJI,2026-03-01T00:00:00Z,2026-04-01T00:00:00Z,24558868,24781026,26086416,,true,0,47391540.29163329,3,90,0,0,0,0,90,3,141373.23720802693,0.0,0.0,0.0,0.0,141373.23720802693,0.0029830901536024895,0.0,,1.0,3,0.0,1.0,3333.3609612055848,1.0,3333.3609612055848,3333.3609612055848,1.0,1.0,1.0,true
ethereum:0x3ddc84940ab509c11b20b76b466933f40b750dc9,BENJI,2026-04-01T00:00:00Z,2026-05-01T00:00:00Z,24781027,24996367,26086416,,true,0,47528988.27310081,3,90,0,0,0,0,90,3,137447.98146751133,0.0,0.0,0.0,0.0,137447.98146751133,0.0028918768621317465,0.0,,1.0,3,0.0,1.0,3333.360961205585,1.0,3333.360961205585,3333.360961205585,1.0,1.0,1.0,true
ethereum:0x3ddc84940ab509c11b20b76b466933f40b750dc9,BENJI,2026-05-01T00:00:00Z,2026-06-01T00:00:00Z,24996368,25218797,26086416,,true,0,47669411.231934264,3,93,0,0,0,0,93,3,140422.9588334571,0.0,0.0,0.0,0.0,140422.9588334571,0.002945766587093616,0.0,,1.0,3,0.0,1.0,3333.3609612055848,1.0,3333.3609612055848,3333.3609612055848,1.0,1.0,1.0,true
ethereum:0x3ddc84940ab509c11b20b76b466933f40b750dc9,BENJI,2026-06-01T00:00:00Z,2026-07-01T00:00:00Z,25218798,25433938,26086416,,true,0,47806457.53677571,3,90,0,0,0,0,90,3,137046.3048414482,0.0,0.0,0.0,0.0,137046.3048414482,0.002866690231879734,0.0,,1.0,3,0.0,1.0,3333.360961205585,1.0,3333.360961205585,3333.360961205585,1.0,1.0,1.0,true
ethereum:0x3ddc84940ab509c11b20b76b466933f40b750dc9,BENJI,2026-07-01T00:00:00Z,2026-08-01T00:00:00Z,25433939,25656292,26086416,,true,0,47959229.802998796,3,93,0,0,0,0,93,3,152772.26622308788,0.0,0.0,0.0,0.0,152772.26622308788,0.003185461210503746,0.0,,1.0,3,0.0,1.0,3333.360961205585,1.0,3333.360961205585,3333.360961205585,1.0,1.0,1.0,true
ethereum:0x3ddc84940ab509c11b20b76b466933f40b750dc9,BENJI,2026-08-01T00:00:00Z,2026-09-01T00:00:00Z,25656293,25878704,26086416,,true,0,48095039.7897407,3,87,0,0,0,0,87,3,135809.98674189995,0.0,0.0,0.0,0.0,135809.98674189995,0.0028237836445426955,0.0,,1.0,3,0.0,1.0000000000000002,3333.3609612055857,1.0000000000000002,3333.3609612055857,3333.3609612055843,1.0000000000000002,1.0000000000000002,1.0,true
ethereum:0x1b19c19393e2d034d8ff31ff34c81252fcbbee92,OUSG,2025-12-01T00:00:00Z,2026-01-01T00:00:00Z,23914921,24136052,26086416,,true,0,6258086.21274309,61,14,14,14,1,0,43,9,515095.2231844595,82398.04074056225,82398.04074056225,17587.3726604,0.0,697478.677325984,0.1114523919318555,0.0028103436198414046,39.65792337456053,0.9747843579565371,60,0.03278688524590164,0.9474934489639626,683.1069093412735,0.9460974955348016,654.0521094650665,730.7024525331221,0.7315431000940642,0.7203444131816664,0.7613849699226574,true
ethereum:0x1b19c19393e2d034d8ff31ff34c81252fcbbee92,OUSG,2026-01-01T00:00:00Z,2026-02-01T00:00:00Z,24136053,24358292,26086416,,true,0,5058432.590094637,59,5,15,14,2,0,36,15,57862.297133511005,1257515.9197819633,1257515.9197819633,18804.554932480405,0.0,2591698.691629918,0.5123521259737555,0.0037174667444028536,137.82292114520476,0.9927443128349714,58,0.05084745762711865,0.9369990737824075,653.8885177296335,0.9333140228681649,609.4183222693571,699.6163092692996,0.74425452510301,0.7224840727124957,0.7741060939942076,true
ethereum:0x1b19c19393e2d034d8ff31ff34c81252fcbbee92,OUSG,2026-02-01T00:00:00Z,2026-03-01T00:00:00Z,24358293,24558867,26086416,,true,0,4565790.458423964,55,21,17,18,4,0,60,22,892557.3480468044,1385199.479717477,1385199.4797174772,18748.060195160466,0.0,3681704.3676769193,0.8063673532989474,0.004106202500066547,196.37788279703182,0.9949077768547206,54,0.07272727272727272,0.9064769570592964,782.6049615676974,0.9261187031911183,728.0205013860768,848.8096326321216,0.8231036479938415,0.7888007893736438,0.8517275233246888,true
ethereum:0x1b19c19393e2d034d8ff31ff34c81252fcbbee92,OUSG,2026-03-01T00:00:00Z,2026-04-01T00:00:00Z,24558868,24781026,26086416,,true,0,2777599.4445071057,56,8,37,38,11,0,94,32,16236.064118031498,1804427.07803489,1878496.170921745,25987.25480994272,0.0,3725146.5678846086,1.3411388655233722,0.009356012387363595,143.34513572627796,0.9930238302476512,55,0.14285714285714285,0.873424245851291,1004.8283487537541,0.878909428177386,858.1990829104773,1110.9635228487132,0.880538226475642,0.7840220045260702,0.8920395883702306,true
ethereum:0x1b19c19393e2d034d8ff31ff34c81252fcbbee92,OUSG,2026-04-01T00:00:00Z,2026-05-01T00:00:00Z,24781027,24996367,26086416,,true,0,2494916.931351719,49,13,26,26,4,0,69,21,830195.1954068277,1112877.7085622146,1038808.615675359,876416.6034122802,0.0,3858298.123056682,1.5464635614005384,0.35128087528647584,4.4023562630313124,0.77284891538709,48,0.02040816326530612,0.8953035952163438,1697.8080483237004,0.8651894574913501,1516.0692246089363,2025.3337239104728,0.9270739938285547,0.805550680370142,0.9310685346373347,true
ethereum:0x1b19c19393e2d034d8ff31ff34c81252fcbbee92,OUSG,2026-05-01T00:00:00Z,2026-06-01T00:00:00Z,24996368,25218797,26086416,,true,0,2125391.0863498794,50,16,25,25,6,0,72,22,261129.61914177006,630655.4641436096,630655.4641436096,80339.58144020777,0.0,1602780.128869197,0.7541106853994537,0.03779990513566234,19.95006819972116,0.9498748580712132,49,0.06,0.9754981502127094,1644.3687593956936,0.8417509571816408,1393.941163866425,1967.329958408904,0.9330481928900131,0.7903965302155206,0.9389909491305295,true
ethereum:0x1b19c19393e2d034d8ff31ff34c81252fcbbee92,OUSG,2026-06-01T00:00:00Z,2026-07-01T00:00:00Z,25218798,25433938,26086416,,true,0,1548453.016208408,50,16,22,23,5,0,66,18,672078.6778691402,1249016.7480106119,1249016.7480106119,61872.031477491255,0.0,3231984.2053678553,2.087234272875645,0.03995731922754305,52.23659427674741,0.9808563323500372,49,0.02,0.9115031591876869,1359.150350339595,0.7827889503208068,887.3439493122262,1448.1135558458675,0.9387577516438796,0.7350906531380016,0.9390662104220336,true
ethereum:0x1b19c19393e2d034d8ff31ff34c81252fcbbee92,OUSG,2026-07-01T00:00:00Z,2026-08-01T00:00:00Z,25433939,25656292,26086416,,true,0,1428699.5555016405,53,15,17,17,6,0,55,19,108389.01437510656,228142.4750818738,228142.4750818738,86308.73169692185,0.0,650982.6962357761,0.4556470209072089,0.06041069402210138,7.542489426466603,0.867417779003972,52,0.07547169811320754,0.7108704743626783,1371.8953382840566,0.7645834210344026,817.685681765403,1398.738856620342,0.9276845145055239,0.7069471394109851,0.924617405978485,true
ethereum:0x1b19c19393e2d034d8ff31ff34c81252fcbbee92,OUSG,2026-08-01T00:00:00Z,2026-09-01T00:00:00Z,25656293,25878704,26086416,,true,0,1205046.6744795376,50,7,9,10,3,0,29,16,40611.56158154907,264264.44260365213,264264.44260365213,67827.75122766188,0.0,636968.1980165151,0.5285838395360272,0.0562864100321731,9.390967361995385,0.8935146975329791,49,0.04,0.9925829022316826,1680.3099312549402,0.720890842779072,901.2907148091729,1734.3066094782419,0.9680570035875139,0.6961814340322896,0.9657237860706812,true
ethereum:0x43415eb6ff9db7e26a15b704e7a3edce97d31c4e,USTB,2025-12-01T00:00:00Z,2026-01-01T00:00:00Z,23914921,24136052,26086416,,true,0,47709603.245555,66,157,494,449,251,0,1351,35,18899427.573713,25011957.074359,10782807.732832,26782132.767112996,0.0,81476325.148017,1.7077552443408337,0.5613572728590701,3.042189576778796,0.6712893872120738,65,0.21212121212121213,0.25281364425391156,1932.6887199180076,0.9364436200660605,1892.2945856149352,2157.8709894695007,0.8410815743329119,0.7928405477656991,0.8466505946292516,true
ethereum:0x43415eb6ff9db7e26a15b704e7a3edce97d31c4e,USTB,2026-01-01T00:00:00Z,2026-02-01T00:00:00Z,24136053,24358292,26086416,,true,0,57979939.57409,69,153,550,511,269,0,1483,41,21007741.519732997,10737405.191198,4935139.839356,13527018.590851001,0.0,50207305.141137995,0.8659426951796027,0.23330515157859769,3.711631266264076,0.7305766849500259,68,0.2753623188405797,0.5758532365492213,1736.6188862124052,0.9482074516987776,1709.794205617061,1901.678572195295,0.8394616153450675,0.8022905525722961,0.8461128955851785,true
ethereum:0x43415eb6ff9db7e26a15b704e7a3edce97d31c4e,USTB,2026-02-01T00:00:00Z,2026-03-01T00:00:00Z,24358293,24558867,26086416,,true,0,62732419.111998,68,153,713,645,506,0,2017,47,39666278.937966,34913799.40005801,4789907.407949,14388911.19105,0.0,93758896.93702301,1.4945844312114371,0.22936962091898708,6.5160522357898545,0.8465328447633625,67,0.23529411764705882,0.5788381096804874,1338.1964621072275,0.9342881622101739,1295.0160058500635,1483.5884504349858,0.8634184244398557,0.8131100574628934,0.8702990044735035,true
ethereum:0x43415eb6ff9db7e26a15b704e7a3edce97d31c4e,USTB,2026-03-01T00:00:00Z,2026-04-01T00:00:00Z,24558868,24781026,26086416,,true,0,56480796.334761,75,218,642,594,374,0,1828,52,36137478.796346,42389101.573583,7072775.189279,23388641.803155,0.0,108987997.36236301,1.9296469673761762,0.41409900923724235,4.659868592611526,0.7854016738614573,74,0.21333333333333335,0.41692581626800174,786.6022320309559,0.9280829502960442,734.8816116497438,853.1861400903375,0.7820046287388256,0.7409741910825183,0.7983922028156631,true
ethereum:0x43415eb6ff9db7e26a15b704e7a3edce97d31c4e,USTB,2026-04-01T00:00:00Z,2026-05-01T00:00:00Z,24781027,24996367,26086416,,true,0,72095545.82585,77,189,299,248,204,0,940,43,73982846.68646201,58368097.195373,4004807.172092,23911558.259307,0.0,160267309.313234,2.2229848942452954,0.3316648481595026,6.702503767225367,0.8508020234334057,76,0.1038961038961039,0.48188436991480954,1186.7163168151194,0.9372229487374348,1147.306735162892,1306.151985080462,0.8683702835850732,0.8213373498117332,0.8763521539012515,true
ethereum:0x43415eb6ff9db7e26a15b704e7a3edce97d31c4e,USTB,2026-05-01T00:00:00Z,2026-06-01T00:00:00Z,24996368,25218797,26086416,,true,0,68104031.345819,78,217,470,387,354,0,1428,41,45401645.33477,49393159.81480099,5584208.901501999,17450737.886966005,0.0,117829751.938039,1.7301435702054477,0.25623648911992536,6.752135795131409,0.8518987131862714,77,0.10256410256410256,0.5503342073250992,994.0919206283131,0.9413745448690516,959.7224807352051,1082.9808236747845,0.8317427927852692,0.7982669514325096,0.847980175142245,true
ethereum:0x43415eb6ff9db7e26a15b704e7a3edce97d31c4e,USTB,2026-06-01T00:00:00Z,2026-07-01T00:00:00Z,25218798,25433938,26086416,,true,0,65009068.546852,82,222,710,597,604,0,2133,55,63210360.180627,66305322.97959399,7042105.441346999,23433183.035786003,0.0,159990971.637354,2.4610562066744364,0.360460218237056,6.8275390241702825,0.8535343413695793,81,0.15853658536585366,0.715817552137061,1738.3530929145015,0.9309565043747521,1690.6830500329656,1950.7580936443085,0.8890372999988428,0.8339840166857055,0.8958356408346112,true
ethereum:0x43415eb6ff9db7e26a15b704e7a3edce97d31c4e,USTB,2026-07-01T00:00:00Z,2026-08-01T00:00:00Z,25433939,25656292,26086416,,true,0,66296541.68819,79,182,620,571,563,0,1936,48,23860691.045606,22573217.904268,10518534.602331001,16336179.346572002,0.0,73288622.898777,1.1054667563727922,0.24641073170008373,4.486276830338297,0.7770980173943941,78,0.1518987341772152,0.7457828637665681,1604.8300991019637,0.9301551238651131,1556.047031878987,1798.5062607117197,0.8727190712653993,0.8206835246008206,0.8823082339111346,true
ethereum:0x43415eb6ff9db7e26a15b704e7a3edce97d31c4e,USTB,2026-08-01T00:00:00Z,2026-09-01T00:00:00Z,25656293,25878704,26086416,,true,0,56843667.511008,79,205,775,722,750,0,2452,47,21601934.428556006,31054808.605738007,7947433.764596,14378208.303694997,0.0,74982385.102585,1.3190982986462716,0.2529430090152188,5.215002002948837,0.8082455194773563,78,0.16455696202531644,0.6288348614981747,1056.2758991998667,0.8892741898708748,933.6738489123554,1180.65719934403,0.8464717567669968,0.7561932251307119,0.8503487830232802,true
ethereum:0x96f6ef951840721adbf46ac996b59e0235cb985c,USDY,2025-12-01T00:00:00Z,2026-01-01T00:00:00Z,23914921,24136052,26086416,,true,0,373117077.4587604,571,89,6,2,348,0,445,204,1036154.1514827495,21660471.712688,3.0,22748485.673255663,0.0,45445114.53742641,0.12179853800031262,0.06096876033708211,1.9977204280834446,0.49942945672364625,570,0.12609457092819615,0.8505650275156821,923.0376027623286,0.9658502421843228,911.3755431736347,976.9622526168931,0.8047840207710452,0.796653091926499,0.8248205126757796,true
ethereum:0x96f6ef951840721adbf46ac996b59e0235cb985c,USDY,2026-01-01T00:00:00Z,2026-02-01T00:00:00Z,24136053,24358292,26086416,,true,0,227855207.82429755,608,55,26,3,481,0,565,207,1121334.6237342756,146383204.2581971,2.8917901796065424,145887372.22034335,0.0,293391913.9940649,1.287624350549423,0.6402634972154738,2.0110850550583343,0.5027559886217774,607,0.15460526315789475,0.8401587253916589,746.4332389554344,0.9434187650815641,714.4188775064816,802.6826965452618,0.770341810511493,0.7549021190724279,0.800177129195816,true
ethereum:0x96f6ef951840721adbf46ac996b59e0235cb985c,USDY,2026-02-01T00:00:00Z,2026-03-01T00:00:00Z,24358293,24558867,26086416,,true,0,132538624.94937286,639,26,24,1,546,0,597,176,65625.67946459664,95382208.5543893,4.0,97570072.07856143,0.0,193017910.3124153,1.4563144169191762,0.7361633042128758,1.9782491311167756,0.4945024950242376,638,0.13145539906103287,0.8654897330076753,1002.5597155275484,0.9054725041918722,913.2052408899913,1113.82730784334,0.910844319671625,0.830677422524657,0.9173966284774497,true
ethereum:0x96f6ef951840721adbf46ac996b59e0235cb985c,USDY,2026-03-01T00:00:00Z,2026-04-01T00:00:00Z,24558868,24781026,26086416,,true,0,475578343.0950583,709,29,16,3,799,0,847,252,537361970.5334803,194322252.38779482,1089683.7,205220927.13015,0.0,937994833.7514251,1.9723245336340711,0.4315186553588092,4.570658786452874,0.7812131583823468,708,0.18758815232722145,0.38141135245957886,1973.6755155538594,0.9742574595339758,1967.0487316574097,2072.3716372217536,0.9324207176347463,0.9262152911331722,0.9506884264208929,true
ethereum:0x96f6ef951840721adbf46ac996b59e0235cb985c,USDY,2026-04-01T00:00:00Z,2026-05-01T00:00:00Z,24781027,24996367,26086416,,true,0,470810297.24386847,812,118,186,20,1357,0,1681,348,51905982.01840626,56674027.86959611,5686200.72400455,391988957.3779168,0.0,506255167.9899237,1.0752848248085272,0.832583653485548,1.2915036468791206,0.225708729188284,811,0.229064039408867,0.19145623397295436,4545.263512924519,0.9806971144107888,4541.537499003817,4722.077489400373,0.9509896162859528,0.9409053627324638,0.9594250344029694,true
ethereum:0x96f6ef951840721adbf46ac996b59e0235cb985c,USDY,2026-05-01T00:00:00Z,2026-06-01T00:00:00Z,24996368,25218797,26086416,,true,0,968559793.1722895,910,381,115,94,1345,0,1935,395,824082586.3784995,326333090.45007837,10490401.745404074,27716457.20607875,0.0,1188622535.7800608,1.2272061509873413,0.028616155039122595,42.88508184658511,0.9766818679843646,909,0.2164835164835165,0.8427213991099948,2550.097040559966,0.9892661680357434,2548.944889073597,2604.558593025358,0.9648932414729089,0.9619028653622512,0.9723397973592649,true
ethereum:0x96f6ef951840721adbf46ac996b59e0235cb985c,USDY,2026-06-01T00:00:00Z,2026-07-01T00:00:00Z,25218798,25433938,26086416,,true,0,978680083.8086921,1035,284,122,111,1824,0,2341,515,19646689.163871426,9526398.527468743,5619771.032912189,76640333.25470129,0.0,111433191.97895364,0.11386069239837121,0.07830989362370899,1.4539758276966794,0.3122306568300015,1034,0.21932367149758455,0.8422272909379324,2497.2442162239868,0.9890790906063108,2496.051553604135,2551.476127807725,0.9523051690441481,0.9490476423268617,0.9595265447832795,true
ethereum:0x96f6ef951840721adbf46ac996b59e0235cb985c,USDY,2026-07-01T00:00:00Z,2026-08-01T00:00:00Z,25433939,25656292,26086416,,true,0,973913229.4644688,1088,163,235,223,1111,0,1732,409,14653072.065735426,19419926.409958776,16183174.897323396,36325454.18518608,0.0,86581627.55820367,0.0889007613191709,0.037298450299479514,2.3834974537913034,0.5804484714639183,1087,0.16819852941176472,0.8479719029249758,2520.1871477847226,0.989888806609971,2519.1647854670173,2570.8915096851974,0.9532420507802557,0.9508317487767465,0.9605439948684928,true
ethereum:0x96f6ef951840721adbf46ac996b59e0235cb985c,USDY,2026-08-01T00:00:00Z,2026-09-01T00:00:00Z,25656293,25878704,26086416,,true,0,1004563786.8360453,1195,233,171,149,1435,0,1988,457,47384258.76316976,16733701.391593281,15628509.413649281,72531694.7222597,0.0,152278164.290672,0.15158635647247884,0.07220217936653293,2.0994706503657414,0.5236894596141206,1194,0.18493723849372384,0.840782824096993,2373.8956502056617,0.9891656300361859,2372.721814480534,2424.983498001233,0.9381238162681454,0.9365386631383752,0.9467966078685068,true
ethereum:0xda2ffa104356688e74d9340519b8c17f00d7752e,HLSCOPE,2025-12-01T00:00:00Z,2026-01-01T00:00:00Z,23914921,24136052,26086416,,true,0,811.732045,6,1,0,0,5,0,6,5,1.0,0.0,0.0,132.562555,0.0,133.562555,0.16454020242603581,0.16330826880192958,1.0075436083741747,0.007487128409605526,5,0.16666666666666666,0.8366917311980704,3415.8148433387387,0.993840331879469,3415.4354282251875,3457.903303634278,1.0,0.993840331879469,1.0,true
ethereum:0xda2ffa104356688e74d9340519b8c17f00d7752e,HLSCOPE,2026-01-01T00:00:00Z,2026-02-01T00:00:00Z,24136053,24358292,26086416,,true,0,529.172421,7,5,4,0,1,0,10,5,37.644562,320.204186,0.0,0.081348,0.0,357.930096,0.6763959756700926,0.0001537268322605951,4399.986428676796,0.999772726571727,6,0.14285714285714285,0.9998462731677396,6408.207563356482,0.9905512838508264,6407.314780987805,6530.134557792967,0.9999999999999999,0.9905512838508262,0.9999999999999999,true
ethereum:0xda2ffa104356688e74d9340519b8c17f00d7752e,HLSCOPE,2026-02-01T00:00:00Z,2026-03-01T00:00:00Z,24358293,24558867,26086416,,true,0,569.647783,7,1,0,0,2,0,3,4,40.475362,0.0,0.0,8.363066,0.0,48.83842799999999,0.0857344300416596,0.014681117437088314,5.839775508168893,0.8287605407774385,6,0.2857142857142857,0.9709875251107578,5580.43949143201,0.9912226464330853,5579.669072075623,5678.92339383932,0.9999999999999999,0.9912226464330853,1.0,true
ethereum:0xda2ffa104356688e74d9340519b8c17f00d7752e,HLSCOPE,2026-03-01T00:00:00Z,2026-04-01T00:00:00Z,24558868,24781026,26086416,,true,0,592.058597,7,2,1,0,7,0,10,5,30.805228,8.394414,0.0,425.17235099999994,0.0,464.3719929999999,0.7843345157945574,0.7181254577745789,1.0921970629270763,0.08441431135145994,6,0.42857142857142855,0.23440883842110652,5417.456409671724,0.9915548899630285,5416.743210836358,5509.405349518399,1.0,0.9915548899630285,1.0,true
ethereum:0xda2ffa104356688e74d9340519b8c17f00d7752e,HLSCOPE,2026-04-01T00:00:00Z,2026-05-01T00:00:00Z,24781027,24996367,26086416,,true,0,166.866246,6,0,1,0,2,0,3,3,0.0,425.192351,0.0,47.374781999999996,0.0,472.56713299999996,2.832011532158517,0.28390871812385593,9.975077732283813,0.899750154651572,5,0.3333333333333333,0.6939317134275317,3446.527848646801,0.9700358813129888,3437.5493645599086,3653.1991301823914,1.0,0.9700358813129888,1.0,true
ethereum:0xda2ffa104356688e74d9340519b8c17f00d7752e,HLSCOPE,2026-05-01T00:00:00Z,2026-06-01T00:00:00Z,24996368,25218797,26086416,,true,0,166.866246,5,0,0,0,2,0,2,3,0.0,0.0,0.0,20.03253,0.0,20.03253,0.12005142130422232,0.12005142130422232,1.0,0.0,4,0.4,0.5477979411126682,4128.912340666482,0.9700358813129889,4119.933856579589,4378.392041852882,1.0,0.9700358813129889,1.0,true
ethereum:0xda2ffa104356688e74d9340519b8c17f00d7752e,HLSCOPE,2026-06-01T00:00:00Z,2026-07-01T00:00:00Z,25218798,25433938,26086416,,true,0,159.936826,5,0,1,0,1,0,2,2,0.0,6.92942,0.0,0.05,0.0,6.97942,0.04363860515776398,0.0003126234354556968,139.5884,0.992836080935092,4,0.4,0.5715318246968337,4149.898813916109,0.9687376564544303,4140.125472676496,4411.650908297452,1.0,0.9687376564544303,1.0,true
ethereum:0xda2ffa104356688e74d9340519b8c17f00d7752e,HLSCOPE,2026-07-01T00:00:00Z,2026-08-01T00:00:00Z,25433939,25656292,26086416,,true,0,159.936826,3,0,0,0,2,0,2,3,0.0,0.0,0.0,11.637632,0.0,11.637632,0.07276392992818302,0.07276392992818302,1.0,0.0,2,0.3333333333333333,0.5485997452519159,4723.775113148699,0.9687376564544303,4714.001771909087,5023.164234033236,1.0,0.9687376564544303,1.0,true
ethereum:0xda2ffa104356688e74d9340519b8c17f00d7752e,HLSCOPE,2026-08-01T00:00:00Z,2026-09-01T00:00:00Z,25656293,25878704,26086416,,true,0,159.936826,3,0,0,0,0,0,0,0,0.0,0.0,0.0,0.0,0.0,0.0,0.0,0.0,,,2,0.0,1.0,4723.775113148699,0.9687376564544303,4714.001771909087,5023.164234033236,1.0,0.9687376564544303,1.0,true
ethereum:0x51c2d74017390cbbd30550179a16a1c28f7210fc,STAC,2025-12-01T00:00:00Z,2026-01-01T00:00:00Z,23914921,24136052,26086416,,true,0,106179.634658,3,5,1,0,0,0,6,2,101859.634658,680.0,0.0,0.0,0.0,102539.634658,0.9657184731165794,0.0,,1.0,3,0.0,1.0,8893.284928766661,1.0,8893.284928766661,8893.284928766661,1.0,1.0,1.0,true
ethereum:0x51c2d74017390cbbd30550179a16a1c28f7210fc,STAC,2026-01-01T00:00:00Z,2026-02-01T00:00:00Z,24136053,24358292,26086416,,true,0,106070.729331,4,1,2,0,2,0,5,3,99.694673,208.6,0.0,208.6,0.0,516.894673,0.00487311321662548,0.00196661229083333,2.4779226893576225,0.5964361582809348,4,0.25,0.9908454041550915,8911.16628320784,1.0,8911.16628320784,8911.16628320784,1.0,1.0,1.0,true
ethereum:0x51c2d74017390cbbd30550179a16a1c28f7210fc,STAC,2026-02-01T00:00:00Z,2026-03-01T00:00:00Z,24358293,24558867,26086416,,true,0,105099.694673,3,0,1,0,1,0,2,2,0.0,971.034658,0.0,971.034658,0.0,1942.069316,0.018478353548432483,0.009239176774216241,2.0,0.5,3,0.0,1.0,9075.737018872207,0.9999999999999999,9075.737018872207,9075.737018872209,0.9999999999999999,0.9999999999999999,1.0,true
ethereum:0x51c2d74017390cbbd30550179a16a1c28f7210fc,STAC,2026-03-01T00:00:00Z,2026-04-01T00:00:00Z,24558868,24781026,26086416,,true,0,103609.694673,3,0,1,0,1,0,2,2,0.0,1490.0,0.0,1490.0,0.0,2980.0,0.02876178729611263,0.014380893648056316,2.0,0.5,3,0.3333333333333333,0.9661228612720284,9326.836619060006,1.0,9326.836619060006,9326.836619060006,1.0,1.0,1.0,true
ethereum:0x51c2d74017390cbbd30550179a16a1c28f7210fc,STAC,2026-04-01T00:00:00Z,2026-05-01T00:00:00Z,24781027,24996367,26086416,,true,0,103609.694673,3,0,0,0,0,0,0,0,0.0,0.0,0.0,0.0,0.0,0.0,0.0,0.0,,,3,0.0,1.0,9326.836619060006,1.0,9326.836619060006,9326.836619060006,1.0,1.0,1.0,true
ethereum:0x51c2d74017390cbbd30550179a16a1c28f7210fc,STAC,2026-05-01T00:00:00Z,2026-06-01T00:00:00Z,24996368,25218797,26086416,,true,0,100197.807065,3,1,1,0,1,0,3,3,98.112392,3510.0,0.0,3510.0,0.0,7118.112392,0.0710406005930086,0.03503070678705577,2.0279522484330483,0.5068917422623355,3,0.0,1.0,9960.575148975824,1.0,9960.575148975824,9960.575148975824,1.0,1.0,1.0,true
ethereum:0x51c2d74017390cbbd30550179a16a1c28f7210fc,STAC,2026-06-01T00:00:00Z,2026-07-01T00:00:00Z,25218798,25433938,26086416,,true,0,100197.807065,3,0,0,0,0,0,0,0,0.0,0.0,0.0,0.0,0.0,0.0,0.0,0.0,,,3,0.0,1.0,9960.575148975824,1.0,9960.575148975824,9960.575148975824,1.0,1.0,1.0,true
ethereum:0x51c2d74017390cbbd30550179a16a1c28f7210fc,STAC,2026-07-01T00:00:00Z,2026-08-01T00:00:00Z,25433939,25656292,26086416,,true,0,100197.807065,3,0,0,0,0,0,0,0,0.0,0.0,0.0,0.0,0.0,0.0,0.0,0.0,,,3,0.0,1.0,9960.575148975824,1.0,9960.575148975824,9960.575148975824,1.0,1.0,1.0,true
ethereum:0x51c2d74017390cbbd30550179a16a1c28f7210fc,STAC,2026-08-01T00:00:00Z,2026-09-01T00:00:00Z,25656293,25878704,26086416,,true,0,100198.000776,4,1,2,0,1,0,4,2,97.293711,97.1,0.0,97.0,0.0,291.393711,0.0029081788932239483,0.0009680831877758782,3.00405887628866,0.6671170435795712,4,0.25,0.9999980667179136,9960.536635847418,1.0,9960.536635847418,9960.536635847418,1.0,1.0,1.0,true
