symbol,month,window_start,window_end,reconciled,price_usd,asset_value_usd,supply_tokens,holders,active_addresses,transfer_volume_usd,transfer_volume_tokens,transfer_count,turnover,active_ratio,transfer_intensity,ats_usd,avh_usd,holder_hhi,turnover_residual,transfer_count_residual,risk_turnover,risk_active_ratio,risk_transfer_intensity,risk_ats_usd,risk_holders,risk_avh_usd,risk_holder_hhi,L,l_components,C,c_components,C_two,composite_equal,composite_liquidity_heavy,composite_concentration_heavy
BUIDL,2025-12,2025-12-01T00:00:00Z,2026-01-01T00:00:00Z,true,1.0,171568651.630349,171568651.630349,55,46,52189660.80010001,52189660.80010001,749,0.3041911229362842,0.8363636363636363,13.618181818181819,69679.11989332445,3119430.029642709,0.14279200009275606,0.10584471951919051,63,82.33730997507884,19.195804195804204,57.375049193231014,100.0,90.84507042253522,0.0,14.279200009275606,64.72704084102851,4,35.04142347727028,3,45.42253521126761,49.88423215914939,54.8318350531091,44.93662926518969
BENJI,2025-12,2025-12-01T00:00:00Z,2026-01-01T00:00:00Z,true,1.0,46981032.42372473,46981032.42372473,3,3,145821.001828726,145821.001828726,93,0.0031038271043845457,1.0,31.0,1567.9677615992043,15660344.141241578,0.3333360961205585,0.0,0,100.0,0.0,0.0,0.0,100.0,100.00000000000001,33.333609612055845,25.0,4,77.77786987068528,3,100.0,51.38893493534264,42.592623290228424,60.18524658045685
OUSG,2025-12,2025-12-01T00:00:00Z,2026-01-01T00:00:00Z,true,,,6258086.21274309,61,9,,697478.677325984,43,0.1114523919318555,0.14754098360655737,0.7049180327868853,,,0.06831069093412735,0.0028103436198414046,1,93.64394598614632,100.0,100.0,,89.78873239436619,,6.831069093412736,97.88131532871544,3,48.309900743889465,2,89.78873239436619,73.09560803630245,81.35751046710678,64.83370560549812
USTB,2025-12,2025-12-01T00:00:00Z,2026-01-01T00:00:00Z,true,,,47709603.245555,66,35,,81476325.148017,1351,1.7077552443408337,0.5303030303030303,20.46969696969697,,,0.19326887199180076,0.5613572728590701,251,0.0,55.099067599067595,34.75911714548078,,88.90845070422536,,19.326887199180078,29.95272824818279,3,54.11766895170272,2,88.90845070422536,42.03519859994275,38.00770848268943,46.062688717196075
USDY,2025-12,2025-12-01T00:00:00Z,2026-01-01T00:00:00Z,true,,,373117077.4587604,571,204,,45445114.53742641,445,0.12179853800031262,0.3572679509632224,0.7793345008756567,,,0.09230376027623285,0.06096876033708211,348,93.03700981351638,75.39741344469891,99.75436122546455,,0.0,,9.230376027623285,89.39626149455995,3,4.615188013811642,2,0.0,47.0057247541858,61.135903667643845,32.875545840727746
HLSCOPE,2025-12,2025-12-01T00:00:00Z,2026-01-01T00:00:00Z,true,,,811.732045,6,5,,133.562555,6,0.16454020242603581,0.8333333333333334,1.0,,,0.34158148433387386,0.16330826880192958,5,90.52965470304956,19.551282051282048,99.02597402597402,,99.47183098591549,,34.15814843338739,69.7023035934352,3,66.81498970965144,2,99.47183098591549,68.25864665154333,68.73986563217395,67.77742767091269
STAC,2025-12,2025-12-01T00:00:00Z,2026-01-01T00:00:00Z,true,,,106179.634658,3,2,,102539.634658,6,0.9657184731165794,0.6666666666666666,2.0,,,0.8893284928766662,0.0,0,43.53011787167791,39.1025641025641,95.72510822510823,,100.0,,88.93284928766661,59.45259673311674,3,94.4664246438333,2,100.0,76.95951068847502,71.12387270335559,82.79514867359444
BUIDL,2026-01,2026-01-01T00:00:00Z,2026-02-01T00:00:00Z,true,1.0,171782961.670349,171782961.670349,56,42,23693180.193517998,23693180.193517998,670,0.13792508851363933,0.75,11.964285714285714,35362.95551271343,3067552.8869705177,0.1423587326710577,0.0710374076384569,38,89.49725099279716,33.52272727272727,61.36719393639808,100.0,91.2396694214876,0.0,14.23587326710577,71.09679305048063,4,35.15851422953113,3,45.6198347107438,53.127653640005875,59.11736677683079,47.13794050318096
BENJI,2026-01,2026-01-01T00:00:00Z,2026-02-01T00:00:00Z,true,1.0,47122622.342001356,47122622.342001356,3,3,141589.9182766269,141589.9182766269,90,0.0030047122006286336,1.0,30.0,1573.2213141847435,15707540.780667119,0.33333609612055853,0.0,0,99.99999999999999,0.0,0.0,0.0,100.0,100.0,33.33360961205585,24.999999999999996,4,77.77786987068528,3,100.0,51.38893493534264,42.592623290228424,60.18524658045685
OUSG,2026-01,2026-01-01T00:00:00Z,2026-02-01T00:00:00Z,true,,,5058432.590094637,59,15,,2591698.691629918,36,0.5123521259737555,0.2542372881355932,0.6101694915254238,,,0.06538885177296334,0.0037174667444028536,2,60.35033261457654,100.0,100.0,,90.74380165289256,,6.538885177296335,86.78344420485884,3,48.64134341509445,2,90.74380165289256,67.71239380997665,74.06941060827072,61.35537701168258
USTB,2026-01,2026-01-01T00:00:00Z,2026-02-01T00:00:00Z,true,,,57979939.57409,69,41,,50207305.141137995,1483,0.8659426951796027,0.5942028985507246,21.492753623188406,,,0.17366188862124052,0.23330515157859769,269,32.82540938824782,54.413702239789195,28.946224696187084,,89.0909090909091,,17.36618886212405,38.728445441408034,3,53.22854897651657,2,89.0909090909091,45.9784972089623,43.56181328644421,48.39518113148039
USDY,2026-01,2026-01-01T00:00:00Z,2026-02-01T00:00:00Z,true,,,227855207.82429755,608,207,,293391913.9940649,565,1.287624350549423,0.3404605263157895,0.9292763157894737,,,0.07464332389554344,0.6402634972154738,481,0.0,88.4382476076555,98.91422706853639,,0.0,,7.464332389554344,62.45082489206396,3,3.732166194777172,2,0.0,33.09149554342057,42.87793865963503,23.3050524272061
HLSCOPE,2026-01,2026-01-01T00:00:00Z,2026-02-01T00:00:00Z,true,,,529.172421,7,5,,357.930096,10,0.6763959756700926,0.7142857142857143,1.4285714285714286,,,0.6408207563356482,0.0001537268322605951,1,47.580494383923806,38.31168831168831,97.21535673092767,,99.33884297520662,,64.08207563356481,61.03584647551327,3,81.71045930438572,2,99.33884297520662,71.3731528899495,67.92738408513742,74.81892169476157
STAC,2026-01,2026-01-01T00:00:00Z,2026-02-01T00:00:00Z,true,,,106070.729331,4,3,,516.894673,5,0.00487311321662548,0.75,1.25,,,0.891116628320784,0.00196661229083333,2,99.85455609114007,33.52272727272727,97.82295271049595,,99.83471074380165,,89.1116628320784,77.06674535812111,3,94.47318678794002,2,99.83471074380165,85.76996607303056,82.86889250139407,88.67103964466705
BUIDL,2026-02,2026-02-01T00:00:00Z,2026-03-01T00:00:00Z,true,1.0,171865709.360349,171865709.360349,56,44,11690301.629390001,11690301.629390001,621,0.06801997718392487,0.7857142857142857,11.089285714285714,18824.962366167474,3069030.5242919466,0.14266167282515896,0.03844544978740477,40,95.62160460393196,29.57420549213206,63.53215954006468,100.0,91.66666666666667,0.0,14.266167282515896,72.18199240903218,4,35.310944649727524,3,45.833333333333336,53.746468529379854,59.89164315593062,47.60129390282907
BENJI,2026-02,2026-02-01T00:00:00Z,2026-03-01T00:00:00Z,true,1.0,47250167.05442527,47250167.05442527,3,3,127544.71242390937,127544.71242390937,81,0.0026993494494315026,1.0,27.0,1574.626079307523,15750055.684808424,0.3333360961205585,0.0,0,100.0,0.0,9.105282069708942,0.0,100.0,100.0,33.333609612055845,27.276320517427237,4,77.77786987068528,3,100.0,52.52709519405626,44.11017030184658,60.94402008626593
OUSG,2026-02,2026-02-01T00:00:00Z,2026-03-01T00:00:00Z,true,,,4565790.458423964,55,22,,3681704.3676769193,60,0.8063673532989474,0.4,1.0909090909090908,,,0.07826049615676973,0.004106202500066547,4,46.13070311686904,82.80777537796976,97.7342958873681,,91.82389937106919,,7.826049615676974,75.55759146073564,3,49.824974493373084,2,91.82389937106919,62.69128297705436,66.98005247161478,58.40251348249393
USTB,2026-02,2026-02-01T00:00:00Z,2026-03-01T00:00:00Z,true,,,62732419.111998,68,47,,93758896.93702301,2017,1.4945844312114371,0.6911764705882353,29.66176470588235,,,0.13381964621072276,0.22936962091898708,506,0.0,42.62164909160208,0.0,,89.77987421383648,,13.381964621072276,14.20721636386736,3,51.580919417454375,2,89.77987421383648,32.894067890660864,26.665117381729694,39.123018399592034
USDY,2026-02,2026-02-01T00:00:00Z,2026-03-01T00:00:00Z,true,,,132538624.94937286,639,176,,193017910.3124153,597,1.4563144169191762,0.27543035993740217,0.9342723004694836,,,0.10025597155275484,0.7361633042128758,546,2.5652119429374394,100.0,98.27011415721542,,0.0,,10.025597155275484,66.94510870005095,3,5.012798577637742,2,0.0,35.978953638844345,46.30100532591321,25.656901951775477
HLSCOPE,2026-02,2026-02-01T00:00:00Z,2026-03-01T00:00:00Z,true,,,569.647783,7,4,,48.83842799999999,3,0.0857344300416596,0.5714285714285714,0.42857142857142855,,,0.558043949143201,0.014681117437088314,2,94.4342173799232,59.14841098426412,100.0,,99.37106918238993,,55.8043949143201,84.52754278806243,3,77.58773204835501,2,99.37106918238993,81.05763741820871,82.21427254149329,79.90100229492415
STAC,2026-02,2026-02-01T00:00:00Z,2026-03-01T00:00:00Z,true,,,105099.694673,3,2,,1942.069316,2,0.018478353548432483,0.6666666666666666,0.6666666666666666,,,0.9075737018872208,0.009239176774216241,1,98.94234453498488,46.00431965442765,99.18553120134146,,100.0,,90.75737018872208,81.37739846358467,3,95.37868509436103,2,100.0,88.37804177897286,86.04449400717678,90.7115895507689
BUIDL,2026-03,2026-03-01T00:00:00Z,2026-04-01T00:00:00Z,true,1.0,168559713.340349,168559713.340349,54,36,15023142.850000001,15023142.850000001,692,0.08912653297924088,0.6666666666666666,12.814814814814815,21709.744002890176,3121476.1729694256,0.14852778357393642,0.05026052834400519,34,95.6257741332354,51.714077315827865,58.58585858585858,100.0,92.77620396600567,0.0,14.852778357393642,76.48142750873046,4,35.87632744113311,3,46.388101983002834,56.17887747493178,62.94639415286468,49.41136079699889
BENJI,2026-03,2026-03-01T00:00:00Z,2026-04-01T00:00:00Z,true,1.0,47391540.29163329,47391540.29163329,3,3,141373.23720802693,141373.23720802693,90,0.0029830901536024895,1.0,30.0,1570.8137467558547,15797180.097211098,0.3333360961205585,0.0,0,100.0,0.0,0.0,0.0,100.0,100.0,33.333609612055845,25.0,4,77.77786987068528,3,100.0,51.38893493534264,42.592623290228424,60.18524658045685
OUSG,2026-03,2026-03-01T00:00:00Z,2026-04-01T00:00:00Z,true,,,2777599.4445071057,56,32,,3725146.5678846086,94,1.3411388655233722,0.5714285714285714,1.6785714285714286,,,0.1004828348753754,0.009356012387363595,11,32.050595908609324,66.48952797749297,96.55032467532469,,92.4929178470255,,10.04828348753754,65.03014952047566,3,51.27060066728152,2,92.4929178470255,58.150375093878594,60.44363323607761,55.85711695167956
USTB,2026-03,2026-03-01T00:00:00Z,2026-04-01T00:00:00Z,true,,,56480796.334761,75,52,,108987997.36236301,1828,1.9296469673761762,0.6933333333333334,24.373333333333335,,,0.07866022320309558,0.41409900923724235,374,2.1670983667753263,47.57695113056163,19.181818181818176,,89.80169971671388,,7.8660223203095585,22.975289226385044,3,48.83386101851172,2,89.80169971671388,35.90457512244838,31.594813157093935,40.214337087802825
USDY,2026-03,2026-03-01T00:00:00Z,2026-04-01T00:00:00Z,true,,,475578343.0950583,709,252,,937994833.7514251,847,1.9723245336340711,0.3554301833568406,1.1946403385049364,,,0.19736755155538593,0.4315186553588092,799,0.0,99.99999999999999,98.20008975509681,,0.0,,19.736755155538592,66.06669658503226,3,9.868377577769296,2,0.0,37.96753708140078,47.33392358261127,28.601150580190282
HLSCOPE,2026-03,2026-03-01T00:00:00Z,2026-04-01T00:00:00Z,true,,,592.058597,7,5,,464.3719929999999,10,0.7843345157945574,0.7142857142857143,1.4285714285714286,,,0.5417456409671724,0.7181254577745789,7,60.324227765193825,44.326351984995306,97.40259740259741,,99.43342776203966,,54.17456409671723,67.35105905092884,3,76.80399592937844,2,99.43342776203966,72.07752749015364,70.50203801041204,73.65301696989525
STAC,2026-03,2026-03-01T00:00:00Z,2026-04-01T00:00:00Z,true,,,103609.694673,3,2,,2980.0,2,0.02876178729611263,0.6666666666666666,0.6666666666666666,,,0.9326836619060006,0.014380893648056316,1,98.69099910389583,51.714077315827865,100.0,,100.0,,93.26836619060006,83.46835880657456,3,96.63418309530003,2,100.0,90.0512709509373,87.85696690281637,92.24557499905819
BUIDL,2026-04,2026-04-01T00:00:00Z,2026-05-01T00:00:00Z,true,1.0,147652591.290349,147652591.290349,54,33,65342415.480000004,65342415.480000004,611,0.4425416100656743,0.6111111111111112,11.314814814814815,106943.39685761048,2734307.246117574,0.16751688719163857,0.2128395303825197,19,84.37359435014815,38.888888888888886,62.28395061728394,100.0,93.69592088998763,0.0,16.751688719163855,71.38660846408024,4,36.81586986971716,3,46.84796044499382,54.1012391668987,59.86302893262588,48.33944940117152
BENJI,2026-04,2026-04-01T00:00:00Z,2026-05-01T00:00:00Z,true,1.0,47528988.27310081,47528988.27310081,3,3,137447.98146751133,137447.98146751133,90,0.0028918768621317465,1.0,30.0,1527.1997940834592,15842996.091033602,0.33333609612055853,0.0,0,99.89788611983766,0.0,0.0,0.0,100.0,100.0,33.33360961205585,24.974471529959416,4,77.77786987068528,3,100.0,51.37617070032235,42.57560431020137,60.176737090443325
OUSG,2026-04,2026-04-01T00:00:00Z,2026-05-01T00:00:00Z,true,,,2494916.931351719,49,21,,3858298.123056682,69,1.5464635614005384,0.42857142857142855,1.4081632653061225,,,0.16978080483237004,0.35128087528647584,4,45.39345818899801,57.14285714285714,95.3061224489796,,94.31396786155747,,16.978080483237004,65.94747926027826,3,55.64602417239724,2,94.31396786155747,60.79675171633775,62.51366089765125,59.07984253502424
USTB,2026-04,2026-04-01T00:00:00Z,2026-05-01T00:00:00Z,true,,,72095545.82585,77,43,,160267309.313234,940,2.2229848942452954,0.5584415584415584,12.207792207792208,,,0.11867163168151194,0.3316648481595026,204,21.50509032175552,44.15584415584416,59.307359307359306,,90.85290482076638,,11.867163168151194,41.65609792831966,3,51.36003399445879,2,90.85290482076638,46.50806596138922,44.890743283699365,48.12538863907908
USDY,2026-04,2026-04-01T00:00:00Z,2026-05-01T00:00:00Z,true,,,470810297.24386847,812,348,,506255167.9899237,1681,1.0752848248085272,0.42857142857142855,2.0701970443349755,,,0.4545263512924519,0.832583653485548,1357,62.03105769174036,57.14285714285714,93.0993431855501,,0.0,,45.45263512924519,70.75775267338253,3,22.726317564622594,2,0.0,46.74203511900256,54.747274303795884,38.73679593420924
HLSCOPE,2026-04,2026-04-01T00:00:00Z,2026-05-01T00:00:00Z,true,,,166.866246,6,3,,472.56713299999996,3,2.832011532158517,0.5,0.5,,,0.3446527848646801,0.28390871812385593,2,0.0,50.0,98.33333333333333,,99.6291718170581,,34.46527848646801,49.444444444444436,3,67.04722515176306,2,99.6291718170581,58.24583479810374,55.31203801355064,61.17963158265685
STAC,2026-04,2026-04-01T00:00:00Z,2026-05-01T00:00:00Z,true,,,103609.694673,3,0,,0.0,0,0.0,0.0,0.0,,,0.9326836619060006,0.0,0,99.99999999999999,100.0,100.0,,100.0,,93.26836619060006,100.0,3,96.63418309530003,2,100.0,98.31709154765002,98.87806103176666,97.75612206353334
BUIDL,2026-05,2026-05-01T00:00:00Z,2026-06-01T00:00:00Z,true,1.0,178498454.910349,178498454.910349,59,38,60298562.54861201,60298562.54861201,641,0.3378099971727879,0.6440677966101694,10.864406779661017,94069.52035664901,3025397.5408533732,0.14294417177282573,0.1145254759705305,35,80.61228251424487,62.892874773737056,65.80259222333001,100.0,93.8257993384785,0.0,14.294417177282574,77.32693737782799,4,36.04007217192036,3,46.91289966923925,56.68350477487417,63.56464897585877,49.802360573889565
BENJI,2026-05,2026-05-01T00:00:00Z,2026-06-01T00:00:00Z,true,1.0,47669411.231934264,47669411.231934264,3,3,140422.9588334571,140422.9588334571,93,0.002945766587093616,1.0,31.0,1509.9242885317967,15889803.743978089,0.3333360961205585,0.0,0,99.99999999999999,0.0,0.0,0.0,100.0,99.99999999999999,33.333609612055845,24.999999999999996,4,77.77786987068528,3,100.0,51.38893493534264,42.592623290228424,60.18524658045685
OUSG,2026-05,2026-05-01T00:00:00Z,2026-06-01T00:00:00Z,true,,,2125391.0863498794,50,22,,1602780.128869197,72,0.7541106853994537,0.44,1.44,,,0.16443687593956935,0.03779990513566234,6,56.50961822446021,98.95145631067963,96.60130718954248,,94.8180815876516,,16.443687593956934,84.02079390822745,3,55.63088459080427,2,94.8180815876516,69.82583924951587,74.55749080241972,65.09418769661198
USTB,2026-05,2026-05-01T00:00:00Z,2026-06-01T00:00:00Z,true,,,68104031.345819,78,41,,117829751.938039,1428,1.7301435702054477,0.5256410256410257,18.307692307692307,,,0.09940919206283132,0.25623648911992536,354,0.0,83.81877022653721,41.47812971342383,,91.73098125689084,,9.940919206283132,41.76563331332034,3,50.835950231586985,2,91.73098125689084,46.300791772453664,44.78907228607589,47.812511258831435
USDY,2026-05,2026-05-01T00:00:00Z,2026-06-01T00:00:00Z,true,,,968559793.1722895,910,395,,1188622535.7800608,1935,1.2272061509873413,0.4340659340659341,2.1263736263736264,,,0.2550097040559966,0.028616155039122595,1345,29.118692610915147,100.0,94.35825612296199,,0.0,,25.50097040559966,74.49231624462571,3,12.75048520279983,2,0.0,43.62140072371277,53.911705897350416,33.33109555007512
HLSCOPE,2026-05,2026-05-01T00:00:00Z,2026-06-01T00:00:00Z,true,,,166.866246,5,3,,20.03253,2,0.12005142130422232,0.6,0.4,,,0.41289123406664824,0.12005142130422232,2,93.2199048382414,70.67961165048544,100.0,,99.77949283351708,,41.28912340666482,87.96650549624228,3,70.53430812009096,2,99.77949283351708,79.25040680816662,82.15577303752517,76.34504057880807
STAC,2026-05,2026-05-01T00:00:00Z,2026-06-01T00:00:00Z,true,,,100197.807065,3,3,,7118.112392,3,0.0710406005930086,1.0,1.0,,,0.9960575148975824,0.03503070678705577,1,96.05749649152742,0.0,98.0392156862745,,100.0,,99.60575148975825,64.6989040592673,3,99.80287574487912,2,100.0,82.25088990207321,76.40022795447123,88.10155184967518
BUIDL,2026-06,2026-06-01T00:00:00Z,2026-07-01T00:00:00Z,true,1.0,186800390.770349,186800390.770349,59,39,12897596.048700001,12897596.048700001,721,0.06904480229142673,0.6610169491525424,12.220338983050848,17888.482730513177,3166108.3181415084,0.14422376836698889,0.017107352803285732,31,97.19450526549636,33.89830508474576,59.26553672316384,100.0,94.57364341085271,0.0,14.422376836698888,72.5895867683515,4,36.33200674918387,3,47.286821705426355,54.460796758767685,60.503726761962284,48.41786675557307
BENJI,2026-06,2026-06-01T00:00:00Z,2026-07-01T00:00:00Z,true,1.0,47806457.53677571,47806457.53677571,3,3,137046.3048414482,137046.3048414482,90,0.002866690231879734,1.0,30.0,1522.7367204605357,15935485.845591903,0.33333609612055853,0.0,0,99.88351788861607,0.0,0.0,0.0,100.0,100.0,33.33360961205585,24.970879472154017,4,77.77786987068528,3,100.0,51.374374671419645,42.57320960499777,60.175539737841525
OUSG,2026-06,2026-06-01T00:00:00Z,2026-07-01T00:00:00Z,true,,,1548453.016208408,50,18,,3231984.2053678553,66,2.087234272875645,0.36,1.32,,,0.1359150350339595,0.03995731922754305,5,15.189491925660965,64.0,95.6,,95.44573643410853,,13.591503503395948,58.26316397522032,3,54.51861996875223,2,95.44573643410853,56.39089197198628,57.01498263973096,55.766801304241596
USTB,2026-06,2026-06-01T00:00:00Z,2026-07-01T00:00:00Z,true,,,65009068.546852,82,55,,159990971.637354,2133,2.4610562066744364,0.6707317073170732,26.01219512195122,,,0.17383530929145016,0.360460218237056,604,0.0,32.92682926829268,13.292682926829269,,92.34496124031008,,17.383530929145017,15.40650406504065,3,54.864246084727554,2,92.34496124031008,35.1353750748841,28.55908473826962,41.711665411498586
USDY,2026-06,2026-06-01T00:00:00Z,2026-07-01T00:00:00Z,true,,,978680083.8086921,1035,515,,111433191.97895364,2341,0.11386069239837121,0.4975845410628019,2.2618357487922705,,,0.2497244216223987,0.07830989362370899,1824,95.37350296634514,50.24154589371981,92.46054750402575,,0.0,,24.97244216223987,79.35853212136357,3,12.486221081119934,2,0.0,45.92237660124175,57.06776177461569,34.77699142786781
HLSCOPE,2026-06,2026-06-01T00:00:00Z,2026-07-01T00:00:00Z,true,,,159.936826,5,2,,6.97942,2,0.04363860515776398,0.4,0.4,,,0.4149898813916109,0.0003126234354556968,1,98.22683427386116,60.0,98.66666666666667,,99.8062015503876,,41.49898813916109,85.63116698017593,3,70.65259484477434,2,99.8062015503876,78.14188091247513,80.63830960170873,75.64545222324153
STAC,2026-06,2026-06-01T00:00:00Z,2026-07-01T00:00:00Z,true,,,100197.807065,3,0,,0.0,0,0.0,0.0,0.0,,,0.9960575148975824,0.0,0,100.0,100.0,100.0,,100.0,,99.60575148975825,100.0,3,99.80287574487912,2,100.0,99.90143787243956,99.93429191495969,99.8685838299194
BUIDL,2026-07,2026-07-01T00:00:00Z,2026-08-01T00:00:00Z,true,1.0,224869691.460349,224869691.460349,58,41,44297178.2592,44297178.2592,764,0.19699043464472787,0.7068965517241379,13.172413793103448,57980.5998157068,3877063.6458680863,0.16178138625312086,0.01568844403302818,32,82.18033843992885,29.31034482758621,57.5083426028921,100.0,94.93087557603687,0.0,16.178138625312087,67.24975646760178,4,37.03633806711632,3,47.465437788018434,52.14304726735905,57.178617000773286,47.1074775339448
BENJI,2026-07,2026-07-01T00:00:00Z,2026-08-01T00:00:00Z,true,1.0,47959229.802998796,47959229.802998796,3,3,152772.26622308788,152772.26622308788,93,0.003185461210503746,1.0,31.0,1642.712540033203,15986409.934332931,0.33333609612055853,0.0,0,99.71184468532046,0.0,0.0,0.0,100.0,100.0,33.33360961205585,24.927961171330114,4,77.77786987068528,3,100.0,51.352915521007695,42.5445974044485,60.161233637566895
OUSG,2026-07,2026-07-01T00:00:00Z,2026-08-01T00:00:00Z,true,,,1428699.5555016405,53,19,,650982.6962357761,55,0.4556470209072089,0.3584905660377358,1.0377358490566038,,,0.13718953382840565,0.06041069402210138,6,58.7823859667877,64.15094339622642,96.65246500304322,,95.39170506912443,,13.718953382840565,73.19526478868578,3,54.5553292259825,2,95.39170506912443,63.87529700733414,66.98195293445134,60.76864108021692
USTB,2026-07,2026-07-01T00:00:00Z,2026-08-01T00:00:00Z,true,,,66296541.68819,79,48,,73288622.898777,1936,1.1054667563727922,0.6075949367088608,24.50632911392405,,,0.16048300991019637,0.24641073170008373,563,0.0,39.24050632911392,20.947325438954678,,92.99539170506912,,16.048300991019637,20.0626105893562,3,54.52184634804438,2,92.99539170506912,37.29222846870029,31.549022508918924,43.03543442848165
USDY,2026-07,2026-07-01T00:00:00Z,2026-08-01T00:00:00Z,true,,,973913229.4644688,1088,409,,86581627.55820367,1732,0.0889007613191709,0.3759191176470588,1.5919117647058822,,,0.25201871477847226,0.037298450299479514,1111,91.95807917274074,62.408088235294116,94.86480075901328,,0.0,,25.201871477847227,83.07698938901605,3,12.600935738923614,2,0.0,47.83896256396983,59.58497150565191,36.09295362228776
HLSCOPE,2026-07,2026-07-01T00:00:00Z,2026-08-01T00:00:00Z,true,,,159.936826,3,3,,11.637632,2,0.07276392992818302,1.0,0.6666666666666666,,,0.47237751131486994,0.07276392992818302,2,93.41780930917065,0.0,97.84946236559139,,100.0,,47.237751131486995,63.75575722492068,3,73.6188755657435,2,100.0,68.68731639533209,67.04346333852828,70.33116945213588
STAC,2026-07,2026-07-01T00:00:00Z,2026-08-01T00:00:00Z,true,,,100197.807065,3,0,,0.0,0,0.0,0.0,0.0,,,0.9960575148975824,0.0,0,100.0,100.0,100.0,,100.0,,99.60575148975825,100.0,3,99.80287574487912,2,100.0,99.90143787243956,99.93429191495969,99.8685838299194
BUIDL,2026-08,2026-08-01T00:00:00Z,2026-09-01T00:00:00Z,true,1.0,211864943.860349,211864943.860349,57,44,41110767.32,41110767.32,731,0.19404232984904857,0.7719298245614035,12.824561403508772,56239.07978112175,3716928.8396552457,0.1436670178802892,0.10438496580433555,34,85.28977483723654,22.807017543859654,58.681062362267824,100.0,95.46979865771812,0.0,14.366701788028921,66.694463685841,4,36.61216681524901,3,47.73489932885906,51.653315250545006,56.66703139564366,46.63959910544634
BENJI,2026-08,2026-08-01T00:00:00Z,2026-09-01T00:00:00Z,true,1.0,48095039.7897407,48095039.7897407,3,3,135809.98674189995,135809.98674189995,87,0.0028237836445426955,1.0,29.0,1561.0343303666662,16031679.929913566,0.3333360961205586,0.0,0,99.7859307644138,0.0,6.566068515497549,0.0,100.0,100.0,33.33360961205586,26.58799981997784,4,77.77786987068528,3,100.0,52.18293484533156,43.651289836880316,60.714579853782794
OUSG,2026-08,2026-08-01T00:00:00Z,2026-09-01T00:00:00Z,true,,,1205046.6744795376,50,16,,636968.1980165151,29,0.5285838395360272,0.32,0.58,,,0.16803099312549402,0.0562864100321731,3,59.92839653583908,68.0,98.13132137030995,,96.05704697986577,,16.803099312549403,75.35323930204969,3,56.43007314620759,2,96.05704697986577,65.89165622412864,69.04551725010231,62.73779519815495
USTB,2026-08,2026-08-01T00:00:00Z,2026-09-01T00:00:00Z,true,,,56843667.511008,79,47,,74982385.102585,2452,1.3190982986462716,0.5949367088607594,31.037974683544302,,,0.10562758991998666,0.2529430090152188,750,0.0,40.50632911392405,0.0,,93.6241610738255,,10.562758991998667,13.50210970464135,3,52.093460032912084,2,93.6241610738255,32.797784868776716,26.36589314739826,39.229676590155165
USDY,2026-08,2026-08-01T00:00:00Z,2026-09-01T00:00:00Z,true,,,1004563786.8360453,1195,457,,152278164.290672,1988,0.15158635647247884,0.38242677824267785,1.6635983263598326,,,0.23738956502056616,0.07220217936653293,1435,88.50833507798131,61.75732217573222,94.64011958472973,,0.0,,23.738956502056617,81.63525894614776,3,11.869478251028308,2,0.0,46.752368598588035,58.37999871444127,35.12473848273479
HLSCOPE,2026-08,2026-08-01T00:00:00Z,2026-09-01T00:00:00Z,true,,,159.936826,3,0,,0.0,0,0.0,0.0,0.0,,,0.47237751131486994,0.0,0,100.00000000000001,100.0,100.0,,100.0,,47.237751131486995,100.0,3,73.6188755657435,2,100.0,86.80943778287175,91.20629185524783,82.41258371049565
STAC,2026-08,2026-08-01T00:00:00Z,2026-09-01T00:00:00Z,true,,,100198.000776,4,2,,291.393711,4,0.0029081788932239483,0.5,1.0,,,0.9960536635847418,0.0009680831877758782,1,99.77953281448332,50.0,96.77814029363785,,99.91610738255034,,99.60536635847419,82.18589103604039,3,99.76073687051226,2,99.91610738255034,90.97331395327632,88.04417298086435,93.90245492568829
